,date,name,title_text,content_text,link
0,1º.ago.2024 às 11h21,Datafolha - Opinião e sociedade,Fraude e ditadura aparecem em 41% da repercussão sobre eleição na Venezuela,"manipulações Este texto é resultado de uma parceria entre Datafolha e a Codecs, empresa especializada em análise de cenários digitais e reputação
A reeleição de Nicolas Maduro para presidente da Venezuela ...",https://datafolha.folha.uol.com.br/opiniao-e-sociedade/2024/08/fraude-e-ditadura-aparecem-em-41-da-repercussao-sobre-eleicao-na-venezuela.shtml
1,1º.ago.2024 às 9h01,Datafolha - Opinião e sociedade,"Em semana de convenções, engajamento de Datena e Tabata cresce nas redes; Marçal segue líder","O empresário também postou sobre as eleições na Venezuela, tema do segundo post com mais interações em suas redes. ...",https://datafolha.folha.uol.com.br/opiniao-e-sociedade/2024/08/em-semana-de-convencoes-engajamento-de-datena-e-tabata-cresce-nas-redes-marcal-segue-lider.shtml
2,1º.ago.2024 às 8h00,Folha - Colunistas - Ruy Castro,Elocução precoce,Agora Lula acha normais as nojentas trapaças de Nicolás Maduro nas pseudo-eleições da Venezuela. ...,https://www1.folha.uol.com.br/colunas/ruycastro/2024/08/elocucao-precoce.shtml
3,1º.ago.2024 à 0h08,Folha de S.Paulo - Mundo,Brasil assume proteção de asilados e embaixadas de Argentina e Peru em Caracas,"""Agradeço imensamente a disposição do Brasil em assumir a custódia da embaixada argentina na Venezuela"", afirmou o ultraliberal. ...",https://www1.folha.uol.com.br/mundo/2024/08/brasil-assume-protecao-de-asilados-e-embaixadas-de-argentina-e-peru-em-caracas.shtml
4,31.jul.2024 às 23h50,Folha - Colunistas - José Manuel Diogo,Morte de António dos Ramos nos convida a refletir sobre relações Brasil-Portugal,"parte mais sonora da sua vida Nesta semana, poderíamos celebrar a inédita medalha da ginástica olímpica brasileira em Paris, deplorar o já costumeiro e sempre escandaloso roubo democrático na Venezuela ...",https://www1.folha.uol.com.br/colunas/jose-manuel-diogo/2024/07/morte-de-antonio-dos-ramos-nos-convida-a-refletir-sobre-relacoes-brasil-portugal.shtml
5,31.jul.2024 às 23h38,Folha de S.Paulo - Mundo,Análise do New York Times aponta vitória da oposição nas eleições da Venezuela,"O levantamento foi produzido durante o processo de apuração na Venezuela, mas divulgado apenas após os números oficiais serem anunciados do órgão eleitoral, que declarou vitória de Maduro com ...",https://www1.folha.uol.com.br/mundo/2024/07/analise-do-new-york-times-aponta-vitoria-da-oposicao-nas-eleicoes-da-venezuela.shtml
6,31.jul.2024 às 23h37,Folha de S.Paulo - Mundo,Secretário-geral da OEA diz que pedirá prisão de Maduro ao TPI,"Em linhas gerais, o texto levado à votação pedia quatro coisas à Venezuela de Nicolás Maduro. ...",https://www1.folha.uol.com.br/mundo/2024/07/secretario-geral-da-oea-diz-que-pedira-prisao-de-maduro-ao-tpi.shtml
7,31.jul.2024 às 23h36,sem name,Miss Teen Mundial 2024: Conheça as 25 candidatas,"Venezuela, Diana Sánchez ...",https://fotografia.folha.uol.com.br/galerias/1806150759514366-miss-teen-mundial-2024-conheca-as-25-candidatas
8,31.jul.2024 às 23h17,Painel do Leitor - Painel do Leitor,"'PT já está descendo a ladeira, tentando se apoiar num esquerdismo caduco', diz leitor","Dez anos do Templo de Salomão e amor por palavras-cruzadas são outros tópicos comentados Venezuela e Brasil
""Apoio de PT e Lula à farsa de Maduro é vexame histórico"" (Marcos Augusto Gonçalves ...",https://www1.folha.uol.com.br/paineldoleitor/2024/07/pt-ja-esta-descendo-a-ladeira-tentando-se-apoiar-num-esquerdismo-caduco-diz-leitor.shtml
9,31.jul.2024 às 23h00,Folha de S.Paulo - Poder,Apoio a Maduro gera desconforto no governo Lula e municia oposição,"A atuação de Maduro na Venezuela é a postura de um ditador"", publicou. ...",https://www1.folha.uol.com.br/poder/2024/07/apoio-a-maduro-gera-desconforto-dentro-do-governo-lula-e-municia-oposicao.shtml
10,31.jul.2024 às 22h30,Folha de S.Paulo - Mundo,Veja como são as atas que estão no centro da crise eleitoral na Venezuela,"O Carter Center, principal organização internacional a acompanhar as eleições na Venezuela, também solicitou que as autoridades publiquem os documentos com urgência. ...",https://www1.folha.uol.com.br/mundo/2024/07/veja-como-sao-as-atas-que-estao-no-centro-da-crise-eleitoral-na-venezuela.shtml
11,31.jul.2024 às 22h00,Folha de S.Paulo - Opinião,Lula normaliza a fraude eleitoral de um ditador,Declaração sobre o pleito farsesco na Venezuela é cínica; menos vexatório para o país é persistir na cobrança dos dados Se a reação da chancelaria brasileira à farsa eleitoral venezuelana foi ...,https://www1.folha.uol.com.br/opiniao/2024/07/lula-normaliza-a-fraude-eleitoral-de-um-ditador.shtml
12,31.jul.2024 às 21h00,Folha - Colunistas - Thiago Amparo,Não há juízes em Caracas,"Enquanto o PT aplaude, o Partido Comunista da Venezuela e a Internacional Socialista pedem mais transparência no pleito, o mesmo apelo que o próprio Itamaraty e Lula fizeram ao lado de Biden. ...",https://www1.folha.uol.com.br/colunas/thiago-amparo/2024/07/nao-ha-juizes-em-caracas.shtml
13,31.jul.2024 às 20h53,Folha de S.Paulo - Mundo,Venezuela prendeu mais de mil pessoas desde anúncio de vitória de Maduro,"A missão da ONU na Venezuela, que, organizada pelo Conselho de Direitos Humanos do organismo, tem mandato até setembro, manifestou preocupação com o cenário social. ...",https://www1.folha.uol.com.br/mundo/2024/07/venezuela-prendeu-mais-de-mil-pessoas-desde-anuncio-de-vitoria-de-maduro.shtml
14,31.jul.2024 às 19h43,Folha de S.Paulo - Mundo,OEA não consegue aprovar resolução sobre eleição na Venezuela; Brasil se abstém,A votação desta quarta-feira evidencia a divisão das Américas quando o tema é Venezuela. ...,https://www1.folha.uol.com.br/mundo/2024/07/oea-nao-consegue-aprovar-resolucao-sobre-eleicao-na-venezuela-brasil-se-abstem.shtml
15,31.jul.2024 às 19h16,Folha de S.Paulo - Mundo,Maduro pergunta se Elon Musk quer briga e bilionário responde: 'Aceito',"""Ele [Elon Musk] desenvolveu a obsessão de tomar a Venezuela e de governar a Venezuela de fora"", prosseguiu, denunciando a existência de uma ""aliança da extrema direita global, a extrema direita ...",https://www1.folha.uol.com.br/mundo/2024/07/maduro-diz-que-musk-esta-por-tras-de-suposto-ataque-hacker-contra-orgao-eleitoral.shtml
16,31.jul.2024 às 17h28,sem name,Venezuelanos protestam contra Nicolás Maduro e questionam resultado oficial das eleições,Manifestante balança bandeira da Venezuela com as cores em preto e branco durante protesto contra regime de Nicolás Maduro ...,https://fotografia.folha.uol.com.br/galerias/1806049304206394-manifestantes-protestam-contra-nicolas-maduro-e-questionam-resultado-das-eleicoes
17,31.jul.2024 às 16h43,Folha de S.Paulo - Mundo,Petro vai na contramão de Lula e diz ter 'graves dúvidas' sobre vitória de Maduro,"O anúncio foi seguido pela ruptura, por parte da Venezuela, dos laços diplomáticos com o país andino. ...",https://www1.folha.uol.com.br/mundo/2024/07/petro-vai-na-contramao-de-lula-e-diz-ter-graves-duvidas-sobre-vitoria-de-maduro-na-venezuela.shtml
18,31.jul.2024 às 15h41,Folha de S.Paulo - Mundo,Maduro pede auditoria de eleição a Supremo chavista,"""Sou o presidente eleito da República Bolivariana de Venezuela."" ...",https://www1.folha.uol.com.br/mundo/2024/07/maduro-pede-auditoria-de-eleicao-a-supremo-controlado-por-chavismo.shtml
19,31.jul.2024 às 15h19,Folha - Colunistas - Mônica Bergamo,Brasil descarta condenar a Venezuela junto à OEA e deve voltar a cobrar a divulgação de atas eleitorais,"O presidente do México, Andrés Manuel López Obrador, rejeitou participar da reunião extraordinária convocada para falar sobre a Venezuela. ...",https://www1.folha.uol.com.br/colunas/monicabergamo/2024/07/brasil-descarta-condenar-a-venezuela-junto-a-oea-e-deve-voltar-a-cobrar-divulgacao-de-atas-eleitorais.shtml
20,31.jul.2024 às 15h00,Folha - Colunistas - Maria Hermínia Tavares,O impasse venezuelano,"Antes disso, e ao contrário do que afirmou o presidente Lula, não haverá normalidade democrática na Venezuela. ...",https://www1.folha.uol.com.br/colunas/maria-herminia-tavares/2024/07/o-impasse-venezuelano.shtml
21,31.jul.2024 às 13h48,Folha - Colunistas - Bruno Boghossian,Simpatia rançosa de Lula por Maduro é um peso para o Brasil,Declarações do petista estreita o campo de ação do governo como articulador regional As primeiras declarações de Lula sobre a eleição na Venezuela não foram só um reflexo da simpatia rançosa ...,https://www1.folha.uol.com.br/colunas/bruno-boghossian/2024/07/simpatia-rancosa-de-lula-por-maduro-e-um-peso-para-o-brasil.shtml
22,31.jul.2024 às 13h40,Internacional - En - World,"'There Is Nothing Serious, Nothing Abnormal,' Says Lula about Contested Election in Venezuela","statement since the election President Luiz Inácio Lula da Silva (PT) said on Tuesday (30) that he does not see ""anything abnormal"" regarding the contested re-election of Nicolás Maduro in Venezuela ...",https://www1.folha.uol.com.br/internacional/en/world/2024/07/there-is-nothing-serious-nothing-abnormal-says-lula-about-contested-election-in-venezuela.shtml
23,31.jul.2024 às 12h15,Internacional - Es - Mundo,"""No hay nada grave, nada anormal"", dice Lula sobre elección cuestionada en Venezuela","declaración del presidente desde el pleito El presidente Luiz Inácio Lula da Silva (PT) dijo este martes (30) que no ve ""nada anormal"" en relación con la cuestionada reelección de Nicolás Maduro en Venezuela ...",https://www1.folha.uol.com.br/internacional/es/mundo/2024/07/no-hay-nada-grave-nada-anormal-dice-lula-sobre-eleccion-cuestionada-en-venezuela.shtml
24,31.jul.2024 às 10h09,Folha de S.Paulo - Mundo,"Brasil entrará com postura firme para solução pacífica na Venezuela, diz Padillha",Ele também defendeu a fala de Lula (PT) feita nessa terça-feira (30) de que não há nada de anormal acontecendo na Venezuela. ...,https://www1.folha.uol.com.br/mundo/2024/07/brasil-entrara-com-postura-firme-para-solucao-pacifica-na-venezuela-diz-padillha.shtml
25,31.jul.2024 às 6h28,sem name,Fortes chuvas causam enchente na Coreia do Norte; veja fotos de hoje,"Os restos de uma estátua do falecido presidente venezuelano Hugo Chávez, em Mariara, Venezuela ...",https://fotografia.folha.uol.com.br/galerias/1806086236546758-fortes-chuvas-causam-enchente-na-coreia-do-norte-veja-fotos-de-hoje
26,31.jul.2024 às 5h00,Folha de S.Paulo - Podcasts,Podcast debate a posição de Lula e do Brasil em crise política na Venezuela,O Café da Manhã desta quarta-feira (31) discute o papel do Brasil na crise na Venezuela. ...,https://www1.folha.uol.com.br/podcasts/2024/07/podcast-debate-a-posicao-de-lula-e-do-brasil-em-crise-politica-na-venezuela.shtml
27,31.jul.2024 às 4h00,Folha - Colunistas - Marcos Augusto Gonçalves,Apoio de PT e Lula à farsa de Maduro é vexame histórico,"No caso da Venezuela está claro que as afinidades entre Lula, seu partido e o assessor Celso Amorim são plenas. Estão todos em defesa do ditador. Um vexame histórico. ...",https://www1.folha.uol.com.br/colunas/marcosaugustogoncalves/2024/07/apoio-de-pt-e-lula-a-farsa-de-maduro-e-vexame-historico.shtml
28,31.jul.2024 à 1h05,Folha de S.Paulo - Mundo,Venezuela rompe relações com Peru após Lima reconhecer opositor presidente eleito,"Neste momento, a Venezuela mergulha em mais uma crise em meio a atos a favor da oposição. ...",https://www1.folha.uol.com.br/mundo/2024/07/venezuela-rompe-relacoes-internacionais-com-o-peru.shtml
29,31.jul.2024 à 0h30,Folha de S.Paulo - Mundo,"Eleição na Venezuela não foi democrática, afirma Carter Center",Principal organização a acompanhar eleições no país diz que não pode verificar ou corroborar resultado porque não há transparência O mais importante observador eleitoral independente no pleito da Venezuela ...,https://www1.folha.uol.com.br/mundo/2024/07/eleicao-na-venezuela-nao-foi-democratica-afirma-carter-center.shtml
30,30.jul.2024 às 22h24,Folha de S.Paulo - Mundo,Peru reconhece líder opositor na Venezuela como vencedor legítimo das eleições,A declaração se dá após dias de atos a favor da oposição na Venezuela. ...,https://www1.folha.uol.com.br/mundo/2024/07/peru-reconhece-lider-opositor-na-venezuela-como-vencedor-legitimo-das-eleicoes.shtml
31,30.jul.2024 às 21h06,Painel do Leitor - Painel do Leitor,"Leitores parabenizam equipe de ginástica artística feminina: 'Que garotas fantásticas, fizeram um belo trabalho'","Lula, está na hora de enriquecer tua biografia e limpar tua barra: Venezuela e Cuba são ditaduras que não respeitam o povo e a democracia. ...",https://www1.folha.uol.com.br/paineldoleitor/2024/07/leitores-parabenizam-equipe-de-ginastica-artistica-feminina-que-garotas-fantasticas-fizeram-um-belo-trabalho.shtml
32,30.jul.2024 às 20h00,Folha de S.Paulo - Mundo,Lula e o PT apoiam ditadura de fazer inveja a Bolsonaro,"Presidente e partido se igualam, no outro lado do espectro, à extrema direita É abjeta a declaração do presidente Lula de que ""não tem nada de grave"" no que ocorre na Venezuela, onde há suspeitas ...",https://www1.folha.uol.com.br/mundo/2024/07/lula-e-o-pt-apoiam-ditadura-de-fazer-inveja-a-bolsonaro.shtml
33,30.jul.2024 às 19h53,Folha Blogs - Cláudio Hebdô,Lula e o banho na Venezuela,"Maduro já abriu o chuveiro. Segundo ONG Foro Penal, são 11 mortos nos protestos ...",https://www1.folha.uol.com.br/blogs/claudio-hebdo/2024/07/lula-e-o-banho-na-venezuela.shtml
34,30.jul.2024 às 19h47,Folha de S.Paulo - Mundo,Chavistas pedem prisão de líderes da oposição que Maduro acusa de vandalismo,"""Dizemos a eles: na Venezuela há que ter Justiça"", afirmou Maduro nesta terça-feira (30) após se reunir com todos os seus ministros. ...",https://www1.folha.uol.com.br/mundo/2024/07/maduro-acusa-lideres-da-oposicao-de-vandalismo-e-chavistas-pedem-suas-prisaos.shtml
35,30.jul.2024 às 19h40,Folha - Colunistas - Mariliz Pereira Jorge,Lula deixou Maduro se criar,"Seria bom que assumisse de vez que avaliou mal o governo do país vizinho Lula vai precisar de muito mais do que ""chá de camomila"" para se posicionar sobre a situação na Venezuela. ...",https://www1.folha.uol.com.br/colunas/marilizpereirajorge/2024/07/lula-deixou-maduro-se-criar.shtml
36,30.jul.2024 às 19h36,Folha de S.Paulo - Poder,Barroso diz que decisões do STF atrapalharam combate à corrupção no país,"Ele também afirmou ver, ""como todos os cidadãos democratas do mundo, com grande preocupação o que está acontecendo na Venezuela"", em referência às suspeitas de que Nicolás Maduro fraudou a eleição ...",https://www1.folha.uol.com.br/poder/2024/07/barroso-diz-que-decisoes-do-stf-atrapalharam-combate-a-corrupcao-no-pais.shtml
37,30.jul.2024 às 19h15,Folha de S.Paulo - Mundo,"Fala de Lula sobre a eleição na Venezuela é preocupante, diz ex-embaixador no Brasil","Há um Brasil profundo que tem muita esperança da defesa do voto da Venezuela."" ...",https://www1.folha.uol.com.br/mundo/2024/07/fala-de-lula-sobre-a-eleicao-na-venezuela-e-preocupante-diz-ex-embaixador-no-brasil.shtml
38,30.jul.2024 às 18h56,Folha de S.Paulo - Mundo,Lula diz a Biden que Brasil trabalha pela normalização do processo político na Venezuela,"Apesar da preocupação em torno da situação na Venezuela, o governo dos EUA tem sido cauteloso com a possibilidade de novas sanções ao país. ...",https://www1.folha.uol.com.br/mundo/2024/07/lula-diz-a-biden-que-brasil-trabalha-pela-normalizacao-do-processo-politico-na-venezuela.shtml
39,30.jul.2024 às 17h55,Folha - Colunistas - Latinoamérica21,Votar em tempos autoritários: algumas lições da Venezuela,A votação foi o catalisador para expressar e canalizar a esperança de mudança na Venezuela. Vejamos. ...,https://www1.folha.uol.com.br/colunas/latinoamerica21/2024/07/votar-em-tempos-autoritarios-algumas-licoes-da-venezuela.shtml
40,30.jul.2024 às 17h43,Folha de S.Paulo - Mundo,"'Não tem nada de grave, nada de anormal', diz Lula sobre eleição contestada na Venezuela","""A Venezuela tem direito de construir o seu modelo de crescimento e de desenvolvimento sem que haja um bloqueio. ...",https://www1.folha.uol.com.br/mundo/2024/07/lula-diz-nao-ver-nada-de-anormal-em-eleicao-na-venezuela.shtml
41,30.jul.2024 às 17h30,Folha de S.Paulo - Mundo,Chefe de Direitos Humanos da ONU pede que Venezuela respeite direito de a população protestar,"""Estou extremamente preocupado com o aumento das tensões na Venezuela"", declarou Türk em um comunicado.
""A Venezuela está enfrentando um momento crítico. ...",https://www1.folha.uol.com.br/mundo/2024/07/chefe-de-direitos-humanos-da-onu-pede-que-venezuela-respeite-direito-de-a-populacao-protestar.shtml
42,30.jul.2024 às 16h31,Folha Blogs - Brasília Hoje,Partido de Alckmin destoa do PT e condena regime ditatorial de Maduro,"que partido considera regime uma ditadura e que eleição não foi democrática O PSB, partido do vice-presidente Geraldo Alckmin, condenou a condução de Nicolás Maduro no processo eleitoral da Venezuela ...",https://www1.folha.uol.com.br/blogs/brasilia-hoje/2024/07/partido-de-alckmin-destoa-do-pt-e-condena-regime-ditatorial-de-maduro.shtml
43,30.jul.2024 às 15h00,Folha - Colunistas - Painel,"PT espera que Maduro siga exemplo de Lula e dialogue, diz secretário de Comunicação","""No que puder ajudar, vamos ajudar, respeitando a independência e a soberania da Venezuela"", completa. ...",https://www1.folha.uol.com.br/colunas/painel/2024/07/pt-espera-que-maduro-siga-exemplo-de-lula-e-dialogue-diz-secretario-de-comunicacao.shtml
44,30.jul.2024 às 14h31,Folha Blogs - Brasília Hoje,Pacheco critica falta de lisura e transparência do governo da Venezuela,O governo da Venezuela se afasta disso ao não demonstrar esses valores com clareza. A luta pela democracia não nos permite ser seletivos e casuístas. ...,https://www1.folha.uol.com.br/blogs/brasilia-hoje/2024/07/pacheco-critica-falta-de-lisura-e-transparencia-do-governo-da-venezuela.shtml
45,30.jul.2024 às 13h54,Folha de S.Paulo - Mundo,Exército Brasileiro monitora situação na fronteira com Venezuela,"Os militares brasileiros sempre tiveram desconfianças acerca do belicismo da Venezuela, tanto sob Maduro como nos anos de poder do falecido Hugo Chávez (1998-2013). ...",https://www1.folha.uol.com.br/mundo/2024/07/exercito-brasileiro-monitora-situacao-na-fronteira-com-venezuela.shtml
46,30.jul.2024 às 13h23,Folha de S.Paulo - Mundo,Chefe das Forças Armadas diz que há tentativa de golpe de Estado contra Maduro,"E com isso não me refiro somente a María Corina Machado, mas também a Edmundo González, chefe da conspiração fascista na Venezuela"", disse. ...",https://www1.folha.uol.com.br/mundo/2024/07/chefe-das-forcas-armadas-diz-que-ha-tentativa-de-golpe-de-estado-contra-maduro.shtml
47,30.jul.2024 às 13h17,Folha - Colunistas - Bruno Boghossian,Farsa de Maduro leva regime ainda mais fundo na Venezuela,Presidente deve ampliar dependência da cartilha autocrática para ficar no poder Nicolás Maduro já era um ditador antes de anunciar sua candidatura a um terceiro mandato na Venezuela. ...,https://www1.folha.uol.com.br/colunas/bruno-boghossian/2024/07/farsa-de-maduro-leva-regime-ainda-mais-fundo-na-venezuela.shtml
48,30.jul.2024 às 12h21,Internacional - En - World,"Brazilian Ambassador Meets Maduro, Asks for Minutes to be Released","alleged hacker attack and tells Lula's envoy that the opposition is not democratic In Caracas, the international advisor to President Lula (PT), Ambassador Celso Amorim, met with the dictator of Venezuela ...",https://www1.folha.uol.com.br/internacional/en/world/2024/07/brazilian-ambassador-meets-maduro-asks-for-minutes-to-be-released.shtml
49,30.jul.2024 às 11h53,Folha de S.Paulo - Mundo,"Líder opositor é preso na Venezuela dois dias após eleições, afirma partido","O partido abrigava Juan Guaidó no momento em que ele se autoproclamou presidente da Venezuela, em 2019. ...",https://www1.folha.uol.com.br/mundo/2024/07/lider-opositor-e-preso-na-venezuela-dois-dias-apos-eleicoes-afirma-partido.shtml
50,30.jul.2024 às 11h44,Internacional - Es - Mundo,"El embajador brasileño se encuentra con Maduro, a quien pide que se divulguen las actas","ataque hacker y dice al enviado de Lula que la oposición no es democrática En Caracas, el asesor internacional del presidente Lula (PT), el embajador Celso Amorim, se reunió con el dictador de Venezuela ...",https://www1.folha.uol.com.br/internacional/es/mundo/2024/07/el-embajador-brasileno-se-encuentra-con-maduro-a-quien-pide-que-se-divulguen-las-actas.shtml
51,30.jul.2024 às 11h06,Folha de S.Paulo - Mundo,OEA não reconhece resultados da eleição na Venezuela divulgados por regime,"Organização diz ser imperativo saber se Maduro aceitaria sua derrota com base em atas divulgadas pela oposição Em comunicado duro sobre as eleições do último domingo (28) na Venezuela, a OEA ...",https://www1.folha.uol.com.br/mundo/2024/07/e-imperativo-saber-se-maduro-aceitaria-sua-derrota-apos-atas-da-oposicao-diz-oea.shtml
52,30.jul.2024 às 9h24,Folha Blogs - Brasília Hoje,Lula e Biden se falam por telefone nesta terça (30),Brasil e Estados Unidos estão entre os que pediram a relação detalhada de votos na Venezuela. ...,https://www1.folha.uol.com.br/blogs/brasilia-hoje/2024/07/lula-e-biden-se-falam-por-telefone-nesta-terca-30.shtml
53,30.jul.2024 às 8h53,Folha de S.Paulo - Mundo,Protestos contra Maduro deixam pelo menos 11 mortos e mais de 700 presos,"""A Venezuela está enfrentando um momento crítico"", afirmou Türk na nota. ""As pessoas responsáveis por violações dos direitos humanos devem prestar contas."" ...",https://www1.folha.uol.com.br/mundo/2024/07/protestos-contra-maduro-deixam-pelo-menos-um-morto-e-46-detidos-na-venezuela-diz-ong.shtml
54,30.jul.2024 às 8h00,Folha de S.Paulo - Mercado,"Recuperação econômica da Venezuela em xeque, vendas do McDonald's em queda e o que importa no mercado","Os países se aproximaram nos últimos anos, e os EUA chegaram a permitir investimentos de empresas americanas na Venezuela. ...",https://www1.folha.uol.com.br/mercado/2024/07/recuperacao-economica-da-venezuela-em-xeque-vendas-do-mcdonalds-em-queda-e-o-que-importa-no-mercado.shtml
55,30.jul.2024 às 5h14,Folha de S.Paulo - Mundo,PT afirma que eleição de Maduro foi 'democrática e soberana'; Caracas agradece apoio,"Yvan Gil, ministro das Relações Exteriores da Venezuela ...",https://www1.folha.uol.com.br/mundo/2024/07/executiva-nacional-do-pt-afirma-que-eleicao-de-maduro-foi-democratica-e-soberana.shtml
56,30.jul.2024 às 5h00,Folha de S.Paulo - Podcasts,"Podcast analisa eleição na Venezuela, contestação a Maduro e respostas do regime","Brasil e outros países cobram divulgação detalhada de resultados; oposição fala em fraude e ditador acusa ataque hacker A proclamação da vitória de Nicolás Maduro na eleição da Venezuela, feita ...",https://www1.folha.uol.com.br/podcasts/2024/07/podcast-analisa-eleicao-na-venezuela-contestacao-a-maduro-e-respostas-do-regime.shtml
57,29.jul.2024 às 23h00,Folha de S.Paulo - Mundo,Órgão que anunciou vitória de Maduro tem histórico de manobras contra oposição,"A carta determinaria a criação de cinco Poderes na Venezuela, não três, como a maioria dos países. ...",https://www1.folha.uol.com.br/mundo/2024/07/orgao-que-anunciou-vitoria-de-maduro-tem-historico-de-manobras-contra-oposicao.shtml
58,29.jul.2024 às 22h58,Folha de S.Paulo - Mundo,Itamaraty divulga alerta de segurança para brasileiros na Venezuela,Pasta recomenda que pessoas se informem pelas redes sociais da embaixada sobre situação no país O Itamaraty publicou um alerta aos brasileiros que vivem ou que estão na Venezuela para que evitem ...,https://www1.folha.uol.com.br/mundo/2024/07/itamaraty-divulga-alerta-de-seguranca-para-brasileiros-na-venezuela.shtml
59,29.jul.2024 às 22h00,Folha de S.Paulo - Opinião,Fraude eleitoral de Maduro não pode ficar impune,"O Acordo de Barbados, montado por Brasil e EUA, retirou as sanções americanas ao setor petrolífero da Venezuela com a condição de que o sucessor de Hugo Chávez (1954-2013) aceitasse uma eventual ...",https://www1.folha.uol.com.br/opiniao/2024/07/fraude-eleitoral-de-maduro-nao-pode-ficar-impune.shtml
60,29.jul.2024 às 20h47,Folha - Colunistas - Joel Pinheiro da Fonseca,"Brasil é impotente perante a fraude de Maduro, mas pode aprender a lição","Neste momento, mesmo os governos de esquerda não ditatoriais da América cobram transparência da Venezuela: Brasil, México, Chile; todos na mesma toada. ...",https://www1.folha.uol.com.br/colunas/joel-pinheiro-da-fonseca/2024/07/brasil-e-impotente-perante-a-fraude-de-maduro-mas-pode-aprender-a-licao.shtml
61,29.jul.2024 às 20h14,Folha de S.Paulo - Mundo,Oposição reafirma que venceu e convoca atos por toda Venezuela,Ele e a líder María Corina Machado convocaram atos na Venezuela para esta terça (30). ...,https://www1.folha.uol.com.br/mundo/2024/07/oposicao-na-venezuela-insiste-que-venceu-e-convoca-atos-pelo-pais-para-terca-30.shtml
62,29.jul.2024 às 20h12,Folha de S.Paulo - Mundo,Veja altos e baixos das relações diplomáticas entre Brasil e Venezuela,Simpatia do PT por Chávez e Maduro deu tom caloroso para contato entre países até impeachment de Dilma Com questionamentos sobre o resultado das eleições presidenciais de domingo (28) na Venezuela ...,https://www1.folha.uol.com.br/mundo/2024/07/veja-altos-e-baixos-das-relacoes-diplomaticas-entre-brasil-e-venezuela.shtml
63,29.jul.2024 às 20h06,Folha de S.Paulo - Mundo,"Amorim encontra Maduro, a quem pede que atas sejam divulgadas, e opositor","as eleições na Venezuela e é controlado pelo chavismo, publique as atas de votação do pleito de domingo (28). ...",https://www1.folha.uol.com.br/mundo/2024/07/amorim-encontra-maduro-e-pede-divulgacao-de-atas-apos-eleicao-na-venezuela.shtml
64,29.jul.2024 às 19h30,Painel do Leitor - Painel do Leitor,"Para leitor, campanha eleitoral pacífica na Venezuela foi mero jogo de cena","'A história política da Venezuela se iguala com a de Fidel Castro em Cuba', diz assinante Eleições na Venezuela
""Órgão eleitoral anuncia vitória de Maduro; oposição contesta e fala em fraude ...",https://www1.folha.uol.com.br/paineldoleitor/2024/07/para-leitor-campanha-eleitoral-pacifica-na-venezuela-foi-mero-jogo-de-cena.shtml
65,29.jul.2024 às 19h28,Folha Blogs - Cláudio Hebdô,Venezuela: Lula diante do velho dilema do PT,Partido é filiado à social-democracia mas namora regimes autoritários ...,https://www1.folha.uol.com.br/blogs/claudio-hebdo/2024/07/venezuela-lula-diante-do-velho-dilema-do-pt.shtml
66,29.jul.2024 às 19h08,Folha de S.Paulo - Mundo,Venezuela expulsa diplomatas de sete países latino-americanos após eleição,"Decisão afeta representantes de governos que questionaram resultado oficial do pleito, vencido por Nicolás Maduro O chanceler da Venezuela, Yván Gil, publicou um comunicado nesta segunda-feira ...",https://www1.folha.uol.com.br/mundo/2024/07/venezuela-expulsa-diplomatas-de-sete-paises-latino-americanos-apos-eleicao.shtml
67,29.jul.2024 às 18h41,Folha de S.Paulo - Mundo,Projeção com amostragem de votos indica vitória da oposição na Venezuela,"Primeiro, o fato de o Brasil ser um dos países com maior peso nas negociações diplomáticas da Venezuela. ...",https://www1.folha.uol.com.br/mundo/2024/07/projecao-com-base-em-amostragem-de-votos-indica-vitoria-da-oposicao-na-venezuela.shtml
68,29.jul.2024 às 16h54,Folha de S.Paulo - Mundo,População protesta contra reeleição contestada de Maduro na Venezuela,"""A diferença foi enorme, em todos os estados da Venezuela."" ...",https://www1.folha.uol.com.br/mundo/2024/07/populacao-protesta-contra-reeleicao-contestada-de-maduro-na-venezuela.shtml
69,29.jul.2024 às 16h08,Folha de S.Paulo - Educação,Ensino de espanhol vira batalha de interesses no Brasil,"""Eles acham que a gente vai virar uma Venezuela, uma Cuba. Eles têm medo dessa resistência"", acrescenta Nariño. Mendonça Filho refuta que tenha havido motivação ideológica na decisão. ...",https://www1.folha.uol.com.br/educacao/2024/07/ensino-de-espanhol-vira-batalha-de-interesses-no-brasil.shtml
70,29.jul.2024 às 15h12,Folha de S.Paulo - Mundo,Carter Center pede divulgação de atas das mesas eleitorais na Venezuela,"O Centro Carter encaminhou um grupo de 17 observadores para acompanhar o pleito na Venezuela. Eles realizaram trabalhos na capital Caracas, além de Barinas, Maracaibo e Valencia. ...",https://www1.folha.uol.com.br/mundo/2024/07/carter-center-pede-divulgacao-de-atas-das-mesas-eleitorais-na-venezuela.shtml
71,29.jul.2024 às 14h37,Folha de S.Paulo - Mundo,"Sob acusações de fraude, Maduro é proclamado reeleito um dia após votação","Ainda nesta longa segunda-feira, a OEA (Organização dos Estados Americanos) convocou uma reunião para tratar das eleições na Venezuela. ...",https://www1.folha.uol.com.br/mundo/2024/07/sob-acusacoes-de-fraude-maduro-e-proclamado-reeleito-um-dia-apos-votacao.shtml
72,29.jul.2024 às 14h02,Folha de S.Paulo - Mundo,Regime acusa líder opositora de elo com suposto ataque contra sistema eleitoral,"A apuração, no entanto, é questionada dentro e fora da Venezuela. ...",https://www1.folha.uol.com.br/mundo/2024/07/protestos-contra-resultado-da-eleicao-podem-render-prisao-diz-procurador-geral-da-venezuela.shtml
73,29.jul.2024 às 13h30,Folha de S.Paulo - Ilustrada,"Restaurado, 'Araya' é filme digno da rebelde Margot Benacerraf","Bem longe disso: trata-se de narrar o rico veio de sal de Araya, na Venezuela. ...",https://www1.folha.uol.com.br/ilustrada/2024/07/restaurado-araya-e-filme-digno-da-rebelde-margot-benacerraf.shtml
74,29.jul.2024 às 13h27,Folha de S.Paulo - Mundo,"Nem governo nem oposição comprovaram nada ainda na Venezuela, diz Amorim",Amorim há tempos é ponto de contato do governo brasileiro com a Venezuela. ...,https://www1.folha.uol.com.br/mundo/2024/07/nem-governo-nem-oposicao-comprovaram-nada-ainda-na-venezuela-diz-amorim.shtml
75,29.jul.2024 às 12h08,sem name,Filme 'Araya' registra exploração do sal na Venezuela,"Cena do filme 'Araya', documentário de Margot Benacerraf ...",https://fotografia.folha.uol.com.br/galerias/1805926425822650-filme-araya-registra-exploracao-do-sal-na-venezuela
76,29.jul.2024 às 11h42,Folha de S.Paulo - Mundo,Lula tenta ganhar tempo diante da farsa de Maduro,"Fosse a Venezuela uma Cuba, um problema exótico no Caribe para os americanos, o impacto seria apenas de imagem. ...",https://www1.folha.uol.com.br/mundo/2024/07/lula-tenta-ganhar-tempo-diante-da-farsa-de-maduro.shtml
77,29.jul.2024 às 10h30,Folha de S.Paulo - Mundo,Brasil não felicita Maduro na Venezuela e diz aguardar dados desagregados por mesa de votação,"atores relevantes da região se manifestarem; em Caracas, Amorim cobra transparência, mas diz que não endossaria 'narrativa de fraude' de antemão O Itamaraty publicou uma nota sobre a eleição na Venezuela ...",https://www1.folha.uol.com.br/mundo/2024/07/brasil-e-unico-ator-relevante-a-nao-se-manifestar-oficialmente-sobre-eleicao-contestada-na-venezuela.shtml
78,29.jul.2024 às 6h26,sem name,Apoiadores celebram anúncio de vitória de Maduro em Caracas; veja fotos de hoje,"O presidente venezuelano Nicolás Maduro na sede do Conselho Nacional Eleitoral, em Caracas, Venezuela ...",https://fotografia.folha.uol.com.br/galerias/1805904967826922-apoiadores-celebram-anuncio-de-vitoria-de-maduro-em-caracas-veja-fotos-de-hoje
79,29.jul.2024 às 3h24,Folha de S.Paulo - Mundo,"Regime manipula resultado novamente, levando Venezuela a ser pária internacional","O ""madurismo"" agora encaminha a Venezuela a ser pária mundial. ...",https://www1.folha.uol.com.br/mundo/2024/07/regime-manipula-resultado-novamente-levando-venezuela-a-ser-paria-internacional.shtml
80,29.jul.2024 às 2h38,Folha de S.Paulo - Mundo,Maduro obtém vitória com resultado inverossímil,E assim ficam a Venezuela e a América Latina em relação a estas eleições. ...,https://www1.folha.uol.com.br/mundo/2024/07/maduro-obtem-vitoria-com-resultado-inverossimil.shtml
81,29.jul.2024 às 2h18,Folha de S.Paulo - Mundo,Brasil e EUA pedem relação detalhada de votos na Venezuela; maioria dos países questiona resultado,"Cautela com anúncio engloba outros líderes de esquerda da América Latina, como Boric, do Chile, e Petro, da Colômbia Diversos líderes reagiram à reeleição para o terceiro mandato do ditador da Venezuela ...",https://www1.folha.uol.com.br/mundo/2024/07/boric-diz-ser-dificil-de-acreditar-na-vitoria-de-maduro-veja-repercussao-de-lideres-mundiais.shtml
82,29.jul.2024 às 2h03,Folha de S.Paulo - Mundo,"Declarado vencedor na Venezuela, Maduro defende sistema eleitoral e pede respeito à democracia",Respeito à Constituição e à vida soberana da Venezuela. ...,https://www1.folha.uol.com.br/mundo/2024/07/declarado-vencedor-na-venezuela-maduro-defende-sistema-eleitoral-e-pede-respeito-a-democracia.shtml
83,29.jul.2024 à 1h10,Folha de S.Paulo - Mundo,Órgão eleitoral anuncia vitória de Maduro; oposição contesta e fala em fraude,ex-diplomata por 51% a 44% e que sistema eleitoral sofreu ataque virtual; aliança antichavista diz ter vencido com 70% dos votos O cenário de completa tensão e incerteza que se anunciava na Venezuela ...,https://www1.folha.uol.com.br/mundo/2024/07/orgao-eleitoral-da-venezuela-anuncia-vitoria-de-maduro.shtml
84,29.jul.2024 à 0h06,Folha de S.Paulo - Mundo,Milei diz que Maduro foi derrotado na Venezuela: 'A Argentina não reconhecerá outra fraude',"""São horas decisivas na Venezuela e a democracia deve prevalecer acima de tudo.

Já o Brasil opta pela cautela. ...",https://www1.folha.uol.com.br/mundo/2024/07/chanceler-da-argentina-pede-que-maduro-reconheca-a-derrota-nas-eleicoes.shtml
85,28.jul.2024 às 22h36,Folha de S.Paulo - Mundo,Oposição na Venezuela diz que centros de votação não estão enviando resultados,Hoje a Venezuela já sabe o que aconteceu. ...,https://www1.folha.uol.com.br/mundo/2024/07/venezuela-votou-por-paz-e-contra-sancoes-diz-chefe-militar-antes-dos-resultados.shtml
86,28.jul.2024 às 22h31,Folha de S.Paulo - Mundo,"'Vontade do povo deve ser respeitada', diz Kamala Harris após votação na Venezuela","""Os Estados Unidos apoiam o povo da Venezuela que expressou a sua voz nas eleições presidenciais históricas de hoje. ...",https://www1.folha.uol.com.br/mundo/2024/07/vontade-do-povo-deve-ser-respeitada-diz-kamala-harris-apos-votacao-na-venezuela.shtml
87,28.jul.2024 às 21h01,Folha de S.Paulo - Mundo,Oposição fala em contagem paralela e cobra vigília pós-votação na Venezuela,"Fracassou o ódio, ganhou o amor, ganhou a paz e a soberania da Venezuela"", afirmou, usando os termos clássicos do chavismo. ...",https://www1.folha.uol.com.br/mundo/2024/07/oposicao-fala-em-contagem-paralela-e-cobra-vigilia-pos-votacao-na-venezuela.shtml
88,28.jul.2024 às 19h22,Folha de S.Paulo - Mundo,Termina horário de votação na Venezuela após dia sem incidentes graves,"Em regiões com maior peso da capital Caracas, opositores iam votar com a bandeira da Venezuela estampada em suas roupas. ...",https://www1.folha.uol.com.br/mundo/2024/07/termina-horario-de-votacao-na-venezuela-apos-dia-sem-incidentes.shtml
89,28.jul.2024 às 18h33,Folha de S.Paulo - Mundo,Imigrantes protestam na Paulista contra Maduro e em apoio à eleição na Venezuela,"Durante seus 11 anos no comando, a Venezuela protagonizou uma das maiores crises humanitárias das Américas. ...",https://www1.folha.uol.com.br/mundo/2024/07/imigrantes-protestam-na-paulista-contra-maduro-e-em-apoio-a-eleicao-na-venezuela.shtml
90,28.jul.2024 às 17h31,Folha de S.Paulo - Mundo,Embaixada em Brasília tem atos de venezuelanos contra Maduro e de brasileiras a favor; veja vídeos,A Venezuela realiza neste domingo eleições em um cenário jamais visto em 25 anos de chavismo. ...,https://www1.folha.uol.com.br/mundo/2024/07/embaixada-em-brasilia-tem-atos-de-venezuelanos-contra-maduro-e-de-brasileiras-a-favor-veja-videos.shtml
91,28.jul.2024 às 16h16,Folha - Colunistas - Painel,Aloysio Nunes vê esgotamento do regime de Maduro na Venezuela,"Para o ex-senador, uma eventual troca de governo na Venezuela não traria mudanças na relação com o Brasil. ...",https://www1.folha.uol.com.br/colunas/painel/2024/07/aloysio-nunes-ve-esgotamento-do-regime-de-maduro-na-venezuela.shtml
92,28.jul.2024 às 13h49,Folha de S.Paulo - Mundo,Opositor pede reconciliação e fala do papel dos militares ao votar na Venezuela,"Ainda assim, ele pôde depositar na urna física o comprovante que a máquina imprime após a confirmação do voto, processo que finaliza a votação do eleitor na Venezuela. ...",https://www1.folha.uol.com.br/mundo/2024/07/opositor-gonzalez-volta-a-falar-do-papel-dos-militares-e-pede-reconciliacao-ao-votar-na-venezuela.shtml
93,28.jul.2024 às 13h24,sem name,Venezuelanos vão às urnas em ameaça inédita ao regime de Nicolás Maduro,"Cidadão vota na eleição presidencial em Caracas, na Venezuela ...",https://fotografia.folha.uol.com.br/galerias/1805838638198961-venezuelanos-vao-as-urnas-em-ameaca-inedita-ao-regime-de-nicolas-maduro
94,28.jul.2024 às 12h03,Folha de S.Paulo - Mundo,Venezuelanos votam certos de que saem deste domingo imersos em incerteza,"Em regiões com maior peso da capital Caracas, chavistas iam votar com a bandeira da Venezuela estampada em suas roupas. ...",https://www1.folha.uol.com.br/mundo/2024/07/venezuela-vota-com-unica-certeza-de-que-sai-deste-domingo-imersa-em-incerteza.shtml
95,28.jul.2024 às 11h15,Folha de S.Paulo - Mundo,Por que eleição na Venezuela é a mais imprevisível em 11 anos,"Até agora neste ano e até 16 de julho, foram registradas na Venezuela 102 detenções de pessoas ligadas à oposição. ...",https://www1.folha.uol.com.br/mundo/2024/07/por-que-eleicao-na-venezuela-e-a-mais-imprevisivel-em-11-anos.shtml
96,28.jul.2024 às 10h34,Ao Vivo - Esporte,"Em Paris, campeão olímpico venezuelano deseja paz nas eleições do país","Campeão olímpico de esgrima (Londres-2012), o venezuelano Rubén Limardo, que está disputando os Jogos de Paris, espera que a eleição na Venezuela ""se dê com tranquilidade, com normalidade"". ...",https://aovivo.folha.uol.com.br/esporte/2024/07/26/6374-olimpiadas-de-paris-ao-vivo.shtml#post441242
97,28.jul.2024 às 10h12,Folha de S.Paulo - Esporte,Venezuelanos em Paris adotam cautela ao falar das eleições no país,"A Venezuela tem 31 atletas nos Jogos de Paris, 17 homens e 14 mulheres, em 12 esportes. ...",https://www1.folha.uol.com.br/esporte/2024/07/em-paris-campeao-olimpico-venezuelano-deseja-paz-nas-eleicoes-do-pais.shtml
98,28.jul.2024 às 9h41,Folha de S.Paulo - Mundo,Blinken diz que Estados Unidos não vão prejulgar eleição na Venezuela,Autoridades dos EUA disseram que calibrarão sua política de sanções à Venezuela com base na forma como as eleições seriam realizadas. ...,https://www1.folha.uol.com.br/mundo/2024/07/blinken-diz-que-estados-unidos-nao-vao-prejulgar-eleicao-na-venezuela.shtml
99,28.jul.2024 às 8h22,Folha de S.Paulo - Mundo,"Reconhecerei resultado do órgão eleitoral da Venezuela, diz Maduro ao votar","""A Venezuela não interfere nas eleições de nenhum outro país"", disse ele. ...",https://www1.folha.uol.com.br/mundo/2024/07/reconhecerei-resultado-do-orgao-eleitoral-da-venezuela-diz-maduro-ao-votar.shtml
100,28.jul.2024 às 6h11,sem name,Mortos em bombardeio em campo de futebol são velados; veja fotos de hoje,"Nicolás Maduro vota durante eleições em Caracas, Venezuela ...",https://fotografia.folha.uol.com.br/galerias/1805813433476659-mortos-em-bombardeio-em-campo-de-futebol-sao-velados-veja-fotos-de-hoje
101,27.jul.2024 às 23h00,Folha de S.Paulo - Mundo,Venezuela vai às urnas em ameaça inédita ao regime de Nicolás Maduro,"Sob desgaste da crise econômica, ditador vê surpreendente Edmundo González alcançar apoio nunca antes visto para oposição em 25 anos e amplia perseguição política Os venezuelanos votam neste ...",https://www1.folha.uol.com.br/mundo/2024/07/venezuela-vai-as-urnas-em-ameaca-inedita-ao-regime-de-nicolas-maduro.shtml
102,27.jul.2024 às 23h00,Folha de S.Paulo - Mundo,"Avô pacato, González passou de candidato-tampão a risco real ao chavismo",vindas da Venezuela. ...,https://www1.folha.uol.com.br/mundo/2024/07/avo-pacato-gonzalez-passou-de-candidato-tampao-a-risco-real-ao-chavismo.shtml
103,27.jul.2024 às 23h00,Folha - Colunistas - Elio Gaspari,Kamala Harris teve desempenho lastimável nos últimos 4 anos,"O valor do silêncio
De um diplomata americano ao tempo em que a Venezuela era governada pelo coronel Hugo Chávez. ...",https://www1.folha.uol.com.br/colunas/eliogaspari/2024/07/kamala-harris-teve-desempenho-lastimavel-nos-ultimos-4-anos.shtml
104,27.jul.2024 às 23h00,Folha de S.Paulo - Mundo,"Ex-motorista de ônibus e fiel a Chávez, saiba quem é Nicolás Maduro","Ele conheceu Chávez na primeira tentativa de golpe de Estado de 1992 na Venezuela, gestada pelo então tenente-coronel. ...",https://www1.folha.uol.com.br/mundo/2024/07/herdeiro-sem-carisma-de-chavez-maduro-usou-pragmatismo-para-ficar-no-poder.shtml
105,27.jul.2024 às 23h00,Folha - Colunistas - Celso Rocha de Barros,Maduro perde neste domingo?,A Venezuela é uma ditadura militar. ...,https://www1.folha.uol.com.br/colunas/celso-rocha-de-barros/2024/07/maduro-perde-neste-domingo.shtml
106,27.jul.2024 às 23h00,Folha de S.Paulo - Mundo,"Kamala culpa armas, e Trump, imigrantes por violência nos EUA","estão vindo de prisões e cadeias de todo o mundo, de hospitais psiquiátricos"", disse o empresário em um comício em Michigan no sábado (20), afirmando, sem provas, que a violência em países como Venezuela ...",https://www1.folha.uol.com.br/mundo/2024/07/kamala-culpa-armas-e-trump-imigrantes-por-violencia-nos-eua.shtml
107,27.jul.2024 às 23h00,Folha de S.Paulo - Mundo,Entenda como Venezuela passou de mais rica da América Latina para palco de crise humanitária,"saudita"".
1976-1983 O país nacionaliza a exploração do combustível com a criação da estatal Petróleos de Venezuela S.A (PDVSA). ...",https://www1.folha.uol.com.br/mundo/2024/07/entenda-como-venezuela-passou-de-mais-rica-da-america-latina-para-palco-de-crise-humanitaria.shtml
108,27.jul.2024 às 23h00,Folha de S.Paulo - Poder,"TSE tem transição fria entre Moraes e Cármen, e primeiros atos indicam mudança de perfil no tribunal",Outra mudança de postura após a troca de comando ocorreu em relação à eleição da Venezuela. ...,https://www1.folha.uol.com.br/poder/2024/07/tse-tem-transicao-fria-entre-moraes-e-carmen-e-primeiros-atos-indicam-mudanca-de-perfil-no-tribunal.shtml
109,27.jul.2024 às 22h15,Folha de S.Paulo - Mundo,"A horas da eleição, Maduro convoca embaixadores em ato no qual critica Bolsonaro","E disse que ""correntes fascistas da América Latina nasceram na Venezuela"". ...",https://www1.folha.uol.com.br/mundo/2024/07/a-horas-da-eleicao-maduro-convoca-embaixadores-em-ato-no-qual-critica-bolsonaro.shtml
110,27.jul.2024 às 20h49,Folha de S.Paulo - Mundo,Venezuelanos no Brasil anunciam atos pró-oposição para dia das eleições,"Organizações como a Alerta Venezuela, que estudam a diáspora, dizem que Caracas violou suas próprias normas e excluiu da democracia eleitoral milhões de pessoas. ...",https://www1.folha.uol.com.br/mundo/2024/07/venezuelanos-no-brasil-anunciam-atos-pro-oposicao-para-dia-das-eleicoes.shtml
111,27.jul.2024 às 20h30,Painel do Leitor - Painel do Leitor,"O que vi foi um espetáculo, diz leitora sobre abertura das Olimpíadas","Sergio Roberto Ortiz Nascimento (Vicentina, MS)

Eleições na Venezuela
""Ex-presidentes se dizem impedidos de ir à Venezuela por regime de Maduro"" (Mundo, 26/7). ...",https://www1.folha.uol.com.br/paineldoleitor/2024/07/o-que-vi-foi-um-espetaculo-diz-leitora-sobre-abertura-das-olimpiadas.shtml
112,27.jul.2024 às 19h02,Folha Blogs - Cláudio Hebdô,O que Celso Amorim vai observar na Venezuela,"Segundo ONG, mais de 15 mil opositores foram presos desde 2014 Leia mais:
Mais de 130 opositores foram presos na Venezuela desde janeiro, diz ONG ...",https://www1.folha.uol.com.br/blogs/claudio-hebdo/2024/07/o-que-celso-amorim-vai-observar-na-venezuela.shtml
113,27.jul.2024 às 17h45,Folha de S.Paulo - Mundo,Frota militar russa chega a Cuba antes da eleição na Venezuela,"Também agora não foi anunciada uma visita à Venezuela, como ocorreu com o outro grupo, mas isso não pode ser descartado. ...",https://www1.folha.uol.com.br/mundo/2024/07/frota-militar-russa-chega-a-cuba-antes-da-eleicao-na-venezuela.shtml
114,27.jul.2024 às 15h29,Folha de S.Paulo - Mundo,"Michell Stella, o venezuelano que atravessou selva de Darién para chegar aos EUA e agora é modelo em NY","De uma pequena cidade na zona rural da Venezuela, Stella —que se identifica como pessoa queer— sabia desde a infância que era diferente. ...",https://www1.folha.uol.com.br/mundo/2024/07/michell-stella-o-venezuelano-que-atravessou-selva-de-darien-para-chegar-aos-eua-e-agora-e-modelo-em-ny.shtml
115,27.jul.2024 às 12h00,Folha - Colunistas - Painel,"Três Poderes: Tarcísio é o vencedor da semana, e Datena, o perdedor",Fique de olho: Ricardo Nunes (MDB) e Pablo Marçal (PRTB) fazem convenções em SP; governo Lula (PT) acompanha reflexos da eleição na Venezuela; presidente viaja ao Pantanal na quarta-feira (31 ...,https://www1.folha.uol.com.br/colunas/painel/2024/07/tres-poderes-tarcisio-e-o-vencedor-da-semana-e-datena-o-perdedor.shtml
116,27.jul.2024 às 10h00,Guia Folha - Restaurantes,Conheça 12 restaurantes latino-americanos que se destacam com pratos regionais,"Seleção de casas traz comida inspirada no México, Colômbia, Peru, Venezuela e Bolívia O especial O Melhor de São Paulo Gastronomia - Restaurantes, Bares e Cozinha traz uma seleção com mais de ...",https://guia.folha.uol.com.br/restaurantes/2024/07/conheca-12-restaurantes-latino-americanos-que-se-destacam-com-pratos-regionais.shtml
117,27.jul.2024 às 9h40,Folha - Colunistas - Sylvia Colombo,Chavismo arma narrativa para obter apoio de empresas dos EUA,A eles pede que façam lobby junto à Casa Branca para a redução das sanções contra a Venezuela em troca de mais licenças para a exploração de recursos. ...,https://www1.folha.uol.com.br/colunas/sylvia-colombo/2024/07/chavismo-arma-narrativa-para-obter-apoio-de-empresas-dos-eua.shtml
118,27.jul.2024 às 7h00,Folha de S.Paulo - Mundo,Migrantes venezuelanos se tornam arma política para ditadura e oposição,As remessas que os emigrados enviam a suas famílias são vistas como uma peça fundamental para a retirada da Venezuela da derrocada econômica. ...,https://www1.folha.uol.com.br/mundo/2024/07/migrantes-venezuelanos-se-tornam-arma-politica-para-ditadura-e-oposicao.shtml
119,26.jul.2024 às 23h27,Folha de S.Paulo - Mundo,Celso Amorim chega a Caracas e se reúne com chavismo e oposição,"Assessor de Lula e enviado para acompanhar eleições da Venezuela, ele busca mapear como Brasil atuará no pós-votação Enviado do presidente Lula (PT) para acompanhar o processo eleitoral na Venezuela ...",https://www1.folha.uol.com.br/mundo/2024/07/celso-amorim-chega-a-caracas-e-se-reune-com-chanceler-de-maduro.shtml
120,26.jul.2024 às 23h23,Painel do Leitor - Painel do Leitor,Leitor diz que cerimônia de abertura das Olimpíadas foi espetáculo do humanismo integral,"O Brasil precisa urgentemente se afastar da Venezuela, não há nada útil nessa relação. ...",https://www1.folha.uol.com.br/paineldoleitor/2024/07/leitor-diz-que-cerimonia-de-abertura-das-olimpiadas-foi-espetaculo-do-humanismo-integral.shtml
121,26.jul.2024 às 23h14,Folha de S.Paulo - Mundo,"Fronteira com a Colômbia vê fluxo menor de venezuelanos, mas tráfico e crime se expandem","Ele se dedica a ajudar mulheres mais velhas que chegam pela manhã de San Antonio del Táchira, na Venezuela, à colombiana Cúcuta. ...",https://www1.folha.uol.com.br/mundo/2024/07/fronteira-com-a-colombia-ve-fluxo-menor-de-venezuelanos-mas-trafico-e-crime-se-expandem.shtml
122,26.jul.2024 às 22h26,Folha de S.Paulo - Mundo,"'Até Maduro deu um passinho para a direita', diz Bolsonaro após fala de ditador sobre Brasil","Em campanha para reeleição, Maduro disse na terça (23) que as eleições na Venezuela são seguras e afirmou que as urnas eletrônicas utilizadas no Brasil são inauditáveis. ...",https://www1.folha.uol.com.br/mundo/2024/07/ate-maduro-deu-um-passinho-para-a-direita-diz-bolsonaro-apos-fala-de-ditador-sobre-brasil.shtml
123,26.jul.2024 às 20h01,Folha Blogs - Cláudio Hebdô,Com Maduro aprendemos o que não fazer,da Venezuela decaíram sob Maduro ...,https://www1.folha.uol.com.br/blogs/claudio-hebdo/2024/07/com-maduro-aprendemos-o-que-nao-fazer.shtml
124,26.jul.2024 às 19h15,Folha - Colunistas - Demétrio Magnoli,O observador,"A Venezuela é uma ditadura singular, descrita pelo ditador como ""união cívico-militar-policial"". ...",https://www1.folha.uol.com.br/colunas/demetriomagnoli/2024/07/o-observador.shtml
125,26.jul.2024 às 18h47,Folha de S.Paulo - Mundo,"Mais de 130 opositores foram presos na Venezuela desde janeiro, diz ONG","""No domingo se decide o futuro da Venezuela pelos próximos 50 anos. Paz ou guerra? Bagunça ou tranquilidade? Extrema direita ou chavismo? Fascismo ou democracia popular? ...",https://www1.folha.uol.com.br/mundo/2024/07/mais-de-130-opositores-foram-presos-na-venezuela-desde-janeiro-diz-ong.shtml
126,26.jul.2024 às 18h38,Folha de S.Paulo - Mundo,Ex-presidentes se dizem impedidos de ir à Venezuela por regime de Maduro,A Venezuela o fez em suas eleições presidenciais de 2018. ...,https://www1.folha.uol.com.br/mundo/2024/07/ex-presidentes-se-dizem-impedidos-de-ir-a-venezuela-por-regime-de-maduro.shtml
127,26.jul.2024 às 17h56,Folha de S.Paulo - Equilíbrio e Saúde,Febre oropouche já atinge 16 estados no Brasil,"Também já foram relatados casos e surtos em outros países das Américas Central e do Sul (Panamá, Argentina, Bolívia, Equador, Peru e Venezuela). ...",https://www1.folha.uol.com.br/equilibrioesaude/2024/07/febre-oropouche-ja-atinge-16-estados-no-brasil.shtml
128,26.jul.2024 às 16h07,Folha de S.Paulo - Mundo,"Convidados, desconvidados; saiba quem vai acompanhar as eleições na Venezuela",desconvocado; TSE declinou de enviar observadores após críticas de Maduro às urnas brasileiras O número de pessoas e entidades que aceitaram acompanhar as eleições do próximo domingo (28) na Venezuela ...,https://www1.folha.uol.com.br/mundo/2024/07/convidados-desconvidados-saiba-quem-vai-acompanhar-as-eleicoes-na-venezuela.shtml
129,26.jul.2024 às 15h00,Folha - Colunistas - Dora Kramer,O dia depois de amanhã,"senso, contudo, que se for materializada uma vitória fraudulenta de Maduro, o governo brasileiro não insista na fantasia de que a eleição prova a existência de uma democracia consolidada na Venezuela ...",https://www1.folha.uol.com.br/colunas/dora-kramer/2024/07/o-dia-depois-de-amanha.shtml
130,26.jul.2024 às 11h02,Folha Blogs - Brasília Hoje,Lula confirma ida de Celso Amorim para a Venezuela; veja vídeo,"""Companheiro Celso Amorim está embarcando agora às 14h para a Venezuela"", disse Lula a jornalistas, pouco antes de evento do Novo PAC no Palácio do Planalto. ...",https://www1.folha.uol.com.br/blogs/brasilia-hoje/2024/07/lula-confirma-ida-de-celso-amorim-para-a-venezuela-veja-video.shtml
131,26.jul.2024 às 7h00,Folha de S.Paulo - Equilíbrio e Saúde,"Suicídios entre indígenas no país aumentaram 56% de 2022 para 2023, aponta estudo","crianças menores de quatro anos morreram em 2023 de gripe, pneumonia, diarreia ou infecções intestinais e desnutrição, particularmente nos estados de Roraima e Amazonas, na fronteira com a Venezuela ...",https://www1.folha.uol.com.br/equilibrioesaude/2024/07/suicidios-entre-indigenas-no-pais-aumentaram-56-de-2022-para-2023-aponta-estudo.shtml
132,25.jul.2024 às 23h00,Folha - Colunistas - Bruno Boghossian,Convite de Maduro ao Brasil tem todos os ares de uma cilada,"Horas antes, Maduro fazia um discurso em que declarava ter ""o absoluto e firme apoio dos militares da Venezuela"". ...",https://www1.folha.uol.com.br/colunas/bruno-boghossian/2024/07/convite-de-maduro-ao-brasil-tem-todos-os-ares-de-uma-cilada.shtml
133,25.jul.2024 às 22h00,Painel do Leitor - Painel do Leitor,"'Não fazer saneamento custa caro no SUS e na produtividade do país depois', diz leitor",A questão é: as urnas da Venezuela são auditáveis? É possível crer que não haverá manipulação? ...,https://www1.folha.uol.com.br/paineldoleitor/2024/07/nao-fazer-saneamento-custa-caro-no-sus-e-na-produtividade-do-pais-depois-diz-leitor.shtml
134,25.jul.2024 às 20h09,Folha - Colunistas - Renato Terra,Novas modalidades olímpicas para a geração Z,"Golpismo com obstáculos: Delegações de Brasil, Venezuela, Estados Unidos e Hungria chegam como favoritas. ...",https://www1.folha.uol.com.br/colunas/renato-terra/2024/07/novas-modalidades-olimpicas-para-a-geracao-z.shtml
135,25.jul.2024 às 20h04,Folha de S.Paulo - Mundo,Caracas é tomada por atos de Maduro e González em último dia de campanha,"""Quem pediu as sanções criminosas contra a Venezuela? Quem pediu que a Venezuela fosse invadida pelo Exército gringo? Vocês querem que a violência e os dias sombrios retornem?"" ...",https://www1.folha.uol.com.br/mundo/2024/07/caracas-e-tomada-por-caravanas-de-maduro-e-gonzalez-em-ultimo-dia-de-campanha-eleitoral.shtml
136,25.jul.2024 às 16h05,Folha de S.Paulo - Equilíbrio e Saúde,Ministério da Saúde confirma duas mortes por febre oropouche no Brasil,"Também já foram relatados casos e surtos em outros países das Américas Central e do Sul (Panamá, Argentina, Bolívia, Equador, Peru e Venezuela). ...",https://www1.folha.uol.com.br/equilibrioesaude/2024/07/ministerio-da-saude-confirma-duas-mortes-por-febre-oropouche-no-brasil.shtml
137,25.jul.2024 às 14h59,Folha de S.Paulo - Mundo,"'Sou a garantia de paz e estabilidade', diz Maduro em pronunciamento na TV","Nesta quinta, o presidente do Chile, Gabriel Boric, também mencionou o brasileiro ao falar da Venezuela. ...",https://www1.folha.uol.com.br/mundo/2024/07/sou-a-garantia-de-paz-e-estabilidade-diz-maduro-em-pronunciamento-na-tv.shtml
138,25.jul.2024 às 14h04,Folha de S.Paulo - Mundo,Maduro busca eleitor jovem nas redes sociais e lança videobiografia no YouTube,"Para esses jovens de 17 e 18 anos, Nicolás Maduro aplaca a violência na Venezuela, mesmo que estejam falando de Petare, ""barrio"" que faz do município de Sucre, na Grande Caracas, o terceiro mais ...",https://www1.folha.uol.com.br/mundo/2024/07/maduro-busca-eleitor-jovem-nas-redes-sociais-e-lanca-videobiografia-no-youtube.shtml
139,25.jul.2024 às 13h57,Folha de S.Paulo - Mundo,Opositor pede que militares garantam 'vontade do povo' nas eleições da Venezuela,"""Para que a Venezuela possa aproveitar seu potencial energético, necessitamos investimentos gigantes. ...",https://www1.folha.uol.com.br/mundo/2024/07/opositor-pede-que-militares-garantam-vontade-do-povo-nas-eleicoes-da-venezuela.shtml
140,25.jul.2024 às 13h30,Folha - Colunistas - Hélio Schwartsman,Maduro entregará o osso?,"É esse mecanismo que talvez já não funcione mais na Venezuela, o que seria trágico. ...",https://www1.folha.uol.com.br/colunas/helioschwartsman/2024/07/maduro-entregara-o-osso.shtml
141,25.jul.2024 às 11h35,Folha de S.Paulo - Educação,Por que ensino do espanhol é deixado de lado no Brasil,"contato com deputados que se interessam pelo tema, diz que percebe uma aversão de políticos ligados à direita ao espanhol, por ser associado a ""países socialistas e comunistas, como Cuba e Venezuela ...",https://www1.folha.uol.com.br/educacao/2024/07/por-que-ensino-do-espanhol-e-deixado-de-lado-no-brasil.shtml
142,25.jul.2024 às 6h00,Folha de S.Paulo - Mundo,Antigo coração industrial da Venezuela simboliza fracasso econômico do regime,"Esta é Valencia, o antigo coração industrial da Venezuela. ...",https://www1.folha.uol.com.br/mundo/2024/07/antigo-coracao-industrial-da-venezuela-simboliza-fracasso-economico-do-regime.shtml
143,25.jul.2024 às 5h01,Folha de S.Paulo - Podcasts,Podcast: repórter na Venezuela discute tensão pré-eleitoral e subida de tom de Maduro,O episódio desta quinta-feira (25) do Café da Manhã antecipa o que esperar da eleição na Venezuela. ...,https://www1.folha.uol.com.br/podcasts/2024/07/podcast-reporter-na-venezuela-discute-tensao-pre-eleitoral-e-subida-de-tom-de-maduro.shtml
144,25.jul.2024 às 4h41,Internacional - En - World,The Electoral Justice Withdraws from Monitoring Elections in Venezuela Following Maduro's Remarks About Brazil,The National Electoral Council (CNE) of Venezuela had invited the TSE to send two technicians to monitor the country's elections scheduled for next Sunday (28th). ...,https://www1.folha.uol.com.br/internacional/en/world/2024/07/the-electoral-justice-withdraws-from-monitoring-elections-in-venezuela-following-maduros-remarks-about-brazil.shtml
145,25.jul.2024 às 3h33,Internacional - Es - Mundo,La Justicia Electoral no supervisará las elecciones en Venezuela tras las declaraciones de Maduro sobre Brasil,"El CNE (Consejo Nacional Electoral) de Venezuela había invitado al TSE para que dos técnicos acompañaran las elecciones del país, previstas para el próximo domingo (28). ...",https://www1.folha.uol.com.br/internacional/es/mundo/2024/07/la-justicia-electoral-no-supervisara-las-elecciones-en-venezuela-tras-las-declaraciones-de-maduro-sobre-brasil.shtml
146,24.jul.2024 às 20h28,Folha de S.Paulo - Mundo,TSE desiste de acompanhar eleições na Venezuela após falas de Maduro sobre Brasil,A decisão do TSE representa mais um atrito entre autoridades brasileiras e o regime da Venezuela. ...,https://www1.folha.uol.com.br/mundo/2024/07/tse-desiste-de-acompanhar-eleicoes-na-venezuela-apos-falas-de-maduro-sobre-brasil.shtml
147,24.jul.2024 às 18h49,Folha de S.Paulo - Poder,Moraes autoriza nova investigação contra Zambelli sobre tentativa de golpe,"""Temos informações do general Carvajal lá da Venezuela, preso na Espanha, já fez a delação premiada dele lá. ...",https://www1.folha.uol.com.br/poder/2024/07/moraes-autoriza-nova-investigacao-contra-zambelli-sobre-tentativa-de-golpe.shtml
148,24.jul.2024 às 18h38,Folha de S.Paulo - Mundo,"Como funciona a auditoria das eleições na Venezuela, que Maduro exalta","Como se vota na Venezuela?
O país possui um sistema automatizado de votação, modelo em partes semelhante às urnas eletrônicas das eleições brasileiras. ...",https://www1.folha.uol.com.br/mundo/2024/07/como-funciona-a-auditoria-das-eleicoes-na-venezuela-que-maduro-exalta.shtml
149,24.jul.2024 às 16h20,Folha de S.Paulo - Mundo,"Saída de Biden reduz chance de avalanche pró-Trump nos EUA, diz ex-assessor de Obama","""Ela pegou muito o fenômeno do estreito de Darién, Venezuela, Cuba, ela não estava trabalhando naquela época com os países que estavam mandando mais migrantes para o país"". ...",https://www1.folha.uol.com.br/mundo/2024/07/saida-de-biden-reduz-chance-de-avalanche-pro-trump-nos-eua-diz-ex-assessor-de-obama.shtml
150,24.jul.2024 às 16h18,Folha de S.Paulo - Mundo,Fernández diz ter sido desconvidado para ser observador nas eleições da Venezuela,"""O que a Venezuela precisa é recuperar sua convivência democrática. ...",https://www1.folha.uol.com.br/mundo/2024/07/fernandez-diz-ter-sido-desconvidado-para-ser-observador-nas-eleicoes-na-venezuela.shtml
151,24.jul.2024 às 13h18,Folha de S.Paulo - Mundo,"Se González ganha, entregamos o poder e viramos oposição, diz filho de Maduro a jornal","""O destino da Venezuela no século 21 depende da nossa vitória em 28 de julho. ...",https://www1.folha.uol.com.br/mundo/2024/07/se-gonzalez-ganha-entregamos-o-poder-e-viramos-oposicao-diz-filho-de-maduro-a-jornal.shtml
152,24.jul.2024 às 10h48,Folha de S.Paulo - Mundo,"TSE diz que urna brasileira é 'totalmente auditável', após fala de Maduro","""Na Venezuela vai triunfar a paz, o poder popular, a união cívico-militar-policial perfeita"". ...",https://www1.folha.uol.com.br/mundo/2024/07/tse-diz-que-urna-brasileira-e-totalmente-auditavel-apos-fala-de-maduro.shtml
153,24.jul.2024 às 10h01,Folha de S.Paulo - Poder,"Veja como funciona modelo de votação no Brasil, na Venezuela e nos EUA","Em outros países, como na Venezuela, após votar na urna eletrônica, o eleitor recebe seu voto impresso e o deposita, manualmente, em uma urna. ...",https://www1.folha.uol.com.br/poder/2024/07/veja-como-funciona-modelo-de-votacao-no-brasil-na-venezuela-e-nos-eua.shtml
154,24.jul.2024 às 7h46,Folha de S.Paulo - Poder,"Maduro lembra Bolsonaro, que usou urnas para escalada golpista e acabou inelegível","""Na Venezuela vai triunfar a paz, o poder popular, a união cívico-militar-policial perfeita"". ...",https://www1.folha.uol.com.br/poder/2024/07/maduro-lembra-bolsonaro-que-usou-urnas-para-escalada-golpista-e-acabou-inelegivel.shtml
155,24.jul.2024 às 2h07,Folha de S.Paulo - Mundo,"Maduro afirma, sem provas, que eleições no Brasil não são auditadas","""Na Venezuela vai triunfar a paz, o poder popular, a união cívico-militar-policial perfeita"". ...",https://www1.folha.uol.com.br/mundo/2024/07/maduro-afirma-que-eleicoes-no-brasil-nao-sao-auditadas.shtml
156,23.jul.2024 às 23h00,Folha de S.Paulo - Mundo,Cai verba humanitária para venezuelanos no Norte do Brasil; só 9% do pedido pelas ONGs foram destinados,"Em média, 300 pessoas cruzam a fronteira terrestre entre Roraima e Venezuela todos os dias, de acordo com dados da ONU. ...",https://www1.folha.uol.com.br/mundo/2024/07/cai-verba-humanitaria-para-venezuelanos-no-norte-do-brasil-so-9-do-pedido-pelas-ongs-foram-destinados.shtml
157,23.jul.2024 às 22h00,Folha de S.Paulo - Opinião,Lula encara sua omissão,"Temendo o pior, e talvez projetando a repercussão sobre seu governo da violência de uma ditadura que apoia, Lula decidiu enviar à Venezuela seu assessor para assuntos internacionais, Celso Amorim ...",https://www1.folha.uol.com.br/opiniao/2024/07/lula-encara-sua-omissao.shtml
158,23.jul.2024 às 20h12,Folha de S.Paulo - Mundo,"'Quem se assustou que tome um chá de camomila', diz Maduro após fala de Lula","""Eu disse que se a direita extremista chegasse ao poder político na Venezuela haveria um banho de sangue. ...",https://www1.folha.uol.com.br/mundo/2024/07/quem-se-assustou-que-tome-um-cha-de-camomila-diz-maduro-apos-fala-de-lula.shtml
159,23.jul.2024 às 16h12,Folha - Colunistas - Latinoamérica21,Como chegamos às eleições venezuelanas?,"Seis membros da Vente Venezuela estão asilados na embaixada argentina em Caracas há mais de 100 dias, depois que um mandado de prisão foi emitido contra eles. ...",https://www1.folha.uol.com.br/colunas/latinoamerica21/2024/07/como-chegamos-as-eleicoes-venezuelanas.shtml
160,23.jul.2024 às 12h43,Folha de S.Paulo - Mundo,"Venezuela bloqueia sites de notícias independentes, dizem entidades","O VE Sin Filtro é um braço da ONG Conexión Segura, que atua com direitos digitais na Venezuela. ...",https://www1.folha.uol.com.br/mundo/2024/07/venezuela-bloqueia-sites-de-noticias-independentes-dizem-entidades.shtml
161,22.jul.2024 às 15h49,Folha de S.Paulo - Mundo,Lula diz que enviará Celso Amorim como observador de eleição na Venezuela,"""O destino da Venezuela no século 21 depende da nossa vitória em 28 de julho. ...",https://www1.folha.uol.com.br/mundo/2024/07/lula-se-diz-assustado-com-fala-de-maduro-sobre-banho-de-sangue-na-venezuela.shtml
162,22.jul.2024 às 11h59,Folha de S.Paulo - Mundo,Venezuelanos no Brasil sonham com resultado de eleição que os permita voltar para casa,"O restaurante não fica na Venezuela, mas em Boa Vista, capital do estado de Roraima. ...",https://www1.folha.uol.com.br/mundo/2024/07/venezuelanos-no-brasil-sonham-com-resultado-de-eleicao-que-os-permita-voltar-para-casa.shtml
163,22.jul.2024 às 9h37,Folha de S.Paulo - Mercado,Geopolítica ultrapassa inflação no topo das preocupações de fundos soberanos,"Tradicionalmente, os bancos centrais armazenavam ouro em centros como Londres e Nova York —onde, como a Venezuela descobriu nos últimos anos, ele pode ser efetivamente confiscado. ...",https://www1.folha.uol.com.br/mercado/2024/07/geopolitica-ultrapassa-inflacao-no-topo-das-preocupacoes-de-fundos-soberanos.shtml
164,21.jul.2024 às 14h30,Folha de S.Paulo - Mundo,"Oposição na Venezuela tem 60% de apoio, indicam principais institutos","País está a uma semana das eleições presidenciais que opõem o ditador Nicolás Maduro ao diplomata Edmundo González A somente uma semana das eleições presidenciais na Venezuela, as mais importantes ...",https://www1.folha.uol.com.br/mundo/2024/07/oposicao-na-venezuela-tem-60-de-apoio-indicam-principais-institutos.shtml
165,20.jul.2024 às 20h27,Folha de S.Paulo - Mundo,Trump retoma ataques a Biden e a eleição depois de pregar união,"Nós compramos petróleo da Venezuela, é maluco, eles costumavam ser nosso inimigo"", disse. ...",https://www1.folha.uol.com.br/mundo/2024/07/trump-retoma-ataques-a-biden-e-eleicao-apos-pregar-uniao.shtml
166,20.jul.2024 às 13h00,Folha - Colunistas - Sylvia Colombo,E se a oposição ganhar na Venezuela?,"É preciso questionar se adversários da ditadura, com histórico de erros, conseguirão manter união atual após derrota do chavismo Quem vê hoje a líder da oposição na Venezuela, María Corina Machado ...",https://www1.folha.uol.com.br/colunas/sylvia-colombo/2024/07/e-se-a-oposicao-ganhar-na-venezuela.shtml
167,20.jul.2024 às 10h55,Folha de S.Paulo - Mercado,Ministro confirma que Argentina mandou ouro do banco central para o exterior,"""Lembrem-se das reservas de ouro da Venezuela no Reino Unido que, acreditem ou não, foram atribuídas ao chamado governo legítimo [do opositor] Juan Guaidó ou da questão da Rússia na União Europeia ...",https://www1.folha.uol.com.br/mercado/2024/07/ministro-confirma-que-argentina-mandou-ouro-do-banco-central-para-o-exterior.shtml
168,19.jul.2024 às 20h16,Folha de S.Paulo - Mundo,"'Eles que elejam quem quiserem', diz Lula sobre pleito na Venezuela",A declaração do presidente brasileiro veio logo após uma escalada na tensão pré-eleitoral na Venezuela. ...,https://www1.folha.uol.com.br/mundo/2024/07/eles-que-elejam-quem-quiserem-diz-lula-sobre-pleito-na-venezuela.shtml
169,19.jul.2024 às 14h04,Folha de S.Paulo - Mundo,Ditadura diz que oposição não reconhecerá resultado eleitoral na Venezuela,"vencerá nas urnas e planejam ter apoio dos EUA Após convocar a imprensa às pressas na manhã desta sexta-feira (19), a pouco mais de uma semana para as eleições presidenciais, a ditadura da Venezuela ...",https://www1.folha.uol.com.br/mundo/2024/07/ditadura-diz-que-oposicao-nao-reconhecera-resultado-eleitoral-na-venezuela.shtml
170,19.jul.2024 à 0h38,Folha de S.Paulo - Mundo,Trump prega unidade e diz ter Deus consigo em convenção pós-atentado,"O estrago que ele causou é impensável"", e citou estatísticas de criminalidade da Venezuela e El Salvador, sem mencionar a fonte, para dizer que a violência foi reduzida nesses países porque os ...",https://www1.folha.uol.com.br/mundo/2024/07/trump-prega-unidade-e-diz-ter-deus-consigo-em-convencao-pos-atentado.shtml
171,18.jul.2024 às 23h00,Folha de S.Paulo - Mundo,Queremos uma nova era de cooperação entre Venezuela e Brasil,Aspiro a que a Venezuela possa aprender com a capacidade do Brasil de desenvolver uma economia robusta. ...,https://www1.folha.uol.com.br/mundo/2024/07/queremos-uma-nova-era-de-cooperacao-entre-venezuela-e-brasil.shtml
172,18.jul.2024 às 22h00,Folha de S.Paulo - Opinião,Vacinas em alta,"Na América do Sul, Chile e Guiana Francesa (99%), Guiana (98%) e Brasil (96%) têm as melhores taxas da primeira dose e, com 65%, a Venezuela está na pior situação. ...",https://www1.folha.uol.com.br/opiniao/2024/07/vacinas-em-alta.shtml
173,18.jul.2024 às 15h52,Folha de S.Paulo - Mundo,Maduro fala em 'banho de sangue' se perder eleição; opositora denuncia suposto atentado,"""O destino da Venezuela no século 21 depende da nossa vitória em 28 de julho. ...",https://www1.folha.uol.com.br/mundo/2024/07/maduro-fala-em-banho-de-sangue-se-perder-eleicao-opositora-denuncia-suposto-atentado.shtml
174,18.jul.2024 às 15h44,Folha de S.Paulo - Mundo,Cotado para secretário de Estado de Trump diz que relação com Bolsonaro não afetaria diálogo com Lula,"Pouco antes, ele havia feito uma defesa da exploração de petróleo em território americano e criticado a importação do produto de países como Venezuela e Irã. ...",https://www1.folha.uol.com.br/mundo/2024/07/cotado-para-secretario-de-estado-de-trump-diz-que-relacao-com-bolsonaro-nao-afetaria-dialogo-com-lula.shtml
175,18.jul.2024 às 9h30,Folha de S.Paulo - Mundo,Segurança de María Corina é preso a menos de 2 semanas das eleições na Venezuela,"""Foi sequestrado o chefe de segurança de María Corina Machado, Milciades Ávila"", afirmou na rede social X o Vamos Venezuela, partido fundado por Machado. ...",https://www1.folha.uol.com.br/mundo/2024/07/seguranca-de-maria-corina-e-preso-a-menos-de-2-semanas-das-eleicoes-na-venezuela.shtml
176,16.jul.2024 às 17h11,Folha de S.Paulo - Mundo,Senador democrata é condenado por corrupção nos Estados Unidos,"Senador desde 2006 e antes membro da Câmara dos Representantes por 14 anos, Menendez foi um feroz opositor da normalização das relações com Cuba, um azedo inimigo da Venezuela e da China, e um ...",https://www1.folha.uol.com.br/mundo/2024/07/senador-democrata-e-condenado-por-corrupcao-nos-estados-unidos.shtml
177,16.jul.2024 às 15h30,F5 - Você viu?,"Ilhas, palácios e ostentação: os casamentos mais suntuosos e exclusivos do século","A noiva tinha 26 anos, e o noivo era o empresário do mercado financeiro Jameel Alexander Thermiótis, de 28, nascido na Venezuela e descendente de uma imponente família grega. ...",https://f5.folha.uol.com.br/voceviu/2024/07/ilhas-palacios-e-ostentacao-os-casamentos-mais-suntuosos-e-exclusivos-do-seculo.shtml
178,16.jul.2024 às 9h40,Folha de S.Paulo - Mundo,Força Aérea da Venezuela intercepta avião com matrícula brasileira que entrou em seu território,"Piloto morreu após pouso forçado; objetos encontrados vinculam aeronave com narcotráfico, diz general A Força Aérea da Venezuela interceptou um avião de pequeno porte com matrícula brasileira ...",https://www1.folha.uol.com.br/mundo/2024/07/forca-aerea-da-venezuela-intercepta-aviao-com-matricula-brasileira-que-entrou-em-seu-territorio.shtml
179,15.jul.2024 às 18h22,Folha de S.Paulo - Cotidiano,Ministério da Justiça autoriza uso da Força Nacional em Roraima e em áreas indígenas,"Em Roraima, a tropa vai atuar na capital, Boa Vista, e em Pacaraima, na fronteira do Brasil com a Venezuela. ...",https://www1.folha.uol.com.br/cotidiano/2024/07/ministerio-da-justica-autoriza-uso-da-forca-nacional-em-roraima-e-em-areas-indigenas.shtml
180,15.jul.2024 às 8h00,Folha de S.Paulo - Ambiente,"Foz do Amazonas é supersensível a óleo e exploração carece de dados científicos, dizem pesquisadores","Modelagens e simulações mostram óleo em Barbados, Granada, Guiana, Santa Lúcia, São Vicente e Granadinas, Suriname, Trinidad e Tobago e Venezuela, além de Guiana Francesa e Martinica (ambos territórios ...",https://www1.folha.uol.com.br/ambiente/2024/07/foz-do-amazonas-e-supersensivel-a-oleo-e-exploracao-carece-de-dados-cientificos-dizem-pesquisadores.shtml
181,15.jul.2024 às 7h00,Folha de S.Paulo - Equilíbrio e Saúde,"Países adotam vapes para reduzir uso do cigarro, mas não há consenso científico sobre estratégia","Na América Latina, além do Brasil, são vetados na Argentina, no Uruguai, na Venezuela e no México. Na Europa, apenas na Turquia. ...",https://www1.folha.uol.com.br/equilibrioesaude/2024/07/paises-adotam-vapes-para-reduzir-uso-do-cigarro-mas-nao-ha-consenso-cientifico-sobre-estrategia.shtml
182,14.jul.2024 às 18h28,Folha - Colunistas - Juca Kfouri,Viva o futebol multicultural!,"Derrotou o Peru, venceu a Venezuela nos pênaltis, só não ficou no terceiro lugar porque o Uruguai a derrotou, também nos penais, e depois de 2 a 2 em que esteve sempre na frente, gol de empate ...",https://www1.folha.uol.com.br/colunas/jucakfouri/2024/07/viva-o-futebol-multicultural.shtml
183,12.jul.2024 às 23h00,Folha de S.Paulo - Mundo,"Observação eleitoral não é intrusão, diz representante da UE sobre recusa da Venezuela","""E devido à falta de confiança, devido à tensão existente e toda a polarização na Venezuela, penso eu que teria sido bom se tivéssemos podido estar presente a campo na Venezuela, justamente para ...",https://www1.folha.uol.com.br/mundo/2024/07/observacao-eleitoral-nao-e-intrusao-diz-representante-da-ue-sobre-recusa-da-venezuela.shtml
184,12.jul.2024 às 22h00,Folha de S.Paulo - Opinião,Maduro cambaleia,"Na Venezuela, pesquisas não necessariamente refletem o saldo das urnas. ...",https://www1.folha.uol.com.br/opiniao/2024/07/maduro-cambaleia.shtml
185,12.jul.2024 às 13h54,Folha de S.Paulo - Mundo,Ditadura da Venezuela reúne embaixadores para denunciar suposta intervenção eleitoral,Evento promovido por chanceler de Caracas remete a encontro de Bolsonaro com diplomatas estrangeiros antes de pleito em 2022 A ditadura de Nicolás Maduro na Venezuela reuniu nesta semana representantes ...,https://www1.folha.uol.com.br/mundo/2024/07/ditadura-da-venezuela-reune-embaixadores-para-denunciar-suposta-intervencao-eleitoral.shtml
186,12.jul.2024 às 12h41,Folha - Colunistas - Painel,Brasileiros participam de evento liberal nos EUA,"Também participarão do painel representantes do México e da Venezuela.
O evento é um dos principais do calendário liberal americano. ...",https://www1.folha.uol.com.br/colunas/painel/2024/07/brasileiros-participam-de-evento-liberal-nos-eua.shtml
187,12.jul.2024 às 8h00,Folha de S.Paulo - Folha Social+,Organização brasileira de educação política expande atuação na América Latina,"Futuramente, outras nações, como Peru e Venezuela, devem entrar no escopo da atuação internacional da entidade.
Por enquanto, ocorrerá apenas a divulgação de conteúdos digitais. ...",https://www1.folha.uol.com.br/folha-social-mais/2024/07/organizacao-brasileira-de-educacao-politica-expande-atuacao-na-america-latina.shtml
188,11.jul.2024 às 8h01,Folha Blogs - O Mundo É uma Bola,"Lamine Yamal, 16, aparelho nos dentes e pernas aparelhadas","O de Ronaldinho Gaúcho, pentacampeão mundial em 2002, aconteceu na Copa América de 1999, no Paraguai, quando aos 19 anos fez um gol na Venezuela depois de dar um chapéu em um adversário. ...",https://www1.folha.uol.com.br/blogs/o-mundo-e-uma-bola/2024/07/lamine-yamal-16-aparelho-nos-dentes-e-pernas-aparelhadas.shtml
189,10.jul.2024 às 17h51,Folha de S.Paulo - Ambiente,"Fotógrafo Lalo de Almeida, da Folha, vence prêmio Maria Moors Cabot de jornalismo","Atualmente, tem focado seu trabalho no crescimento do autoritarismo político em lugares como Nicarágua, Venezuela e Cuba. ...",https://www1.folha.uol.com.br/ambiente/2024/07/fotografo-lalo-de-almeida-da-folha-vence-premio-maria-moors-cabot-de-jornalismo.shtml
190,10.jul.2024 às 17h16,Folha de S.Paulo - Mundo,"Montanhista brasileiro morre após cair em buraco 'sem fundo' no Peru, diz colega","de Juiz de Fora, no sul de Minas Gerais, Delvaux era um dos mais experientes montanhistas do Brasil e escalou mais de 130 montanhas em países como Argentina, Chile, Bolívia, Peru, Equador, Venezuela ...",https://www1.folha.uol.com.br/mundo/2024/07/montanhista-brasileiro-morre-apos-cair-em-buraco-sem-fundo-no-peru-diz-colega.shtml
191,10.jul.2024 às 12h39,Internacional - En - World,"Brazil Should Help Contain Migration Crisis in Darién, Says Panama's President","In an interview on the sidelines of Mercosur, Mulino suggests that Venezuela is sending its prisoners to the 'jungle of death' Former Security Minister who helped expel guerrilla groups from ...",https://www1.folha.uol.com.br/internacional/en/world/2024/07/brazil-should-help-contain-migration-crisis-in-darien-says-panamas-president.shtml
192,10.jul.2024 às 12h09,Internacional - Es - Mundo,"Brasil tiene que ayudar a contener la crisis migratoria en Darién, dice el presidente de Panamá","En entrevista al margen de Mercosur, Mulino sugiere que Venezuela está enviando a sus presos a la 'selva de la muerte' Exministro de Seguridad que ayudó a expulsar a grupos guerrilleros de la ...",https://www1.folha.uol.com.br/internacional/es/mundo/2024/07/brasil-tiene-que-ayudar-a-contener-la-crisis-migratoria-en-darien-dice-el-presidente-de-panama.shtml
193,9.jul.2024 às 16h14,Folha de S.Paulo - Mundo,Lula diz que Bolívia não pode cair em armadilha do golpismo em viagem ao país,"Lula também citou na declaração as eleições presidenciais na Venezuela, programadas para o próximo dia 28, dizendo esperar que o pleito ocorra de forma tranquila e que os concorrentes aceitem ...",https://www1.folha.uol.com.br/mundo/2024/07/lula-diz-em-viagem-a-bolivia-que-pais-nao-pode-cair-em-armadilha-do-golpismo.shtml
194,9.jul.2024 às 13h39,Folha de S.Paulo - Mercado,"Fluxus, dos irmãos Batista, investe US$ 100 mi para ampliar produção de gás na Bolívia","""Também seguimos prospectando investimentos na Argentina, no Peru e na Venezuela, sempre na direção de nos consolidarmos como uma plataforma sul-americana de óleo, gás e energia"", afirmou Savini ...",https://www1.folha.uol.com.br/mercado/2024/07/fluxus-dos-irmaos-batista-investe-us-100-mi-para-ampliar-producao-de-gas-na-bolivia.shtml
195,9.jul.2024 às 13h20,Folha de S.Paulo - Mundo,"Brasil deve ajudar a conter crise migratória em Darién, diz presidente do Panamá",A Venezuela é o principal país com migrantes lá na fronteira. ...,https://www1.folha.uol.com.br/mundo/2024/07/brasil-deve-ajudar-a-conter-crise-migratoria-em-darien-diz-presidente-do-panama.shtml
196,9.jul.2024 às 11h42,Folha de S.Paulo - Ilustrada,"Populismo e identitarismo são ameaças à democracia, diz Yascha Mounk","Venezuela, Hungria e Turquia foram citados como exemplos mais extremos da vitória dessa retórica autoritarista dentro dos regimes democráticos. ...",https://www1.folha.uol.com.br/ilustrada/2024/07/populismo-e-identitarismo-sao-ameacas-a-democracia-diz-yascha-mounk.shtml
197,8.jul.2024 às 15h47,Folha de S.Paulo - Mundo,Conflito com Argentina bloqueia declaração do Mercosul com associados,"A declaração final não fez nenhuma menção à Venezuela, que no próximo dia 28 tem eleições. A ditadura de Nicolás Maduro era um membro do Mercosul, mas está suspensa. ...",https://www1.folha.uol.com.br/mundo/2024/07/conflito-com-argentina-bloqueia-declaracao-do-mercosul-e-associados.shtml
198,7.jul.2024 às 18h21,Folha de S.Paulo - Mundo,Milei poupa Lula e faz discurso com críticas ao socialismo,"Nominalmente, fez poucas referências a líderes de esquerda, concentrando-se sobretudo no ditador da Venezuela, Nicolás Maduro. ...",https://www1.folha.uol.com.br/mundo/2024/07/milei-poupa-lula-e-faz-discurso-com-criticas-ao-socialismo.shtml
199,7.jul.2024 à 0h08,Folha de S.Paulo - Esporte,Brasil perde do Uruguai nos pênaltis e é eliminado da Copa América,"Enquanto a primeira superou o Equador, após empate por 1 a 1 no tempo normal, o segundo venceu a Venezuela, após igualdade também de 1 a 1 nos 90 minutos. ...",https://www1.folha.uol.com.br/esporte/2024/07/brasil-perde-do-uruguai-nos-penaltis-e-e-eliminado-da-copa-america.shtml
